<?xml version="1.0" encoding="UTF-8"?>
<metadata xml:lang="en"><Esri><CreaDate>20210531</CreaDate><CreaTime>12064900</CreaTime><ArcGISFormat>1.0</ArcGISFormat><SyncOnce>TRUE</SyncOnce><DataProperties><lineage><Process ToolSource="c:\program files\arcgis\pro\Resources\ArcToolbox\toolboxes\Spatial Analyst Tools.tbx\FuzzyOverlay" Date="20210531" Time="120649">FuzzyOverlay C:\Users\Rkear\OneDrive\Documents\PythonForGIS\final\Results\op_suit_ppt.tif;C:\Users\Rkear\OneDrive\Documents\PythonForGIS\final\Results\op_suit_tmean_05.tif;C:\Users\Rkear\OneDrive\Documents\PythonForGIS\final\Results\op_suit_tmean_06.tif;C:\Users\Rkear\OneDrive\Documents\PythonForGIS\final\Results\op_suit_tmean_07.tif;C:\Users\Rkear\OneDrive\Documents\PythonForGIS\final\Results\op_suit_tmean_08.tif;C:\Users\Rkear\OneDrive\Documents\PythonForGIS\final\Results\op_suit_tmin_04.tif;C:\Users\Rkear\OneDrive\Documents\PythonForGIS\final\Results\op_suit_soil_ph.tif C:\Users\Rkear\OneDrive\Documents\PythonForGIS\final\Results\FuzzyOv_op_suit1.tif And 0.9</Process></lineage></DataProperties></Esri></metadata>
