<?xml version="1.0" encoding="UTF-8"?>
<metadata xml:lang="en"><Esri><CreaDate>20210531</CreaDate><CreaTime>12064700</CreaTime><ArcGISFormat>1.0</ArcGISFormat><SyncOnce>TRUE</SyncOnce><DataProperties><lineage><Process ToolSource="c:\program files\arcgis\pro\Resources\ArcToolbox\toolboxes\Spatial Analyst Tools.tbx\Reclassify" Date="20210531" Time="120647">Reclassify C:\Users\Rkear\OneDrive\Documents\PythonForGIS\final\testdata\PRISM_tmean_05_clip.tif VALUE "0 15.999000 0;16 24 1;24.001000 100 0" C:\Users\Rkear\OneDrive\Documents\PythonForGIS\final\Results\Reclass_PRISM_t1.tif DATA</Process></lineage><LayerFile>{"type":"CIMLayerDocument","version":"2.7.0","build":26828,"layers":["CIMPATH=map1/reclass_prism_t1_tif.xml"],"layerDefinitions":[{"type":"CIMRasterLayer","name":"Reclass_PRISM_t1.tif","uRI":"CIMPATH=map1/reclass_prism_t1_tif.xml","sourceModifiedTime":{"type":"TimeInstant"},"useSourceMetadata":true,"description":"Reclass_PRISM_t1.tif","layerElevation":{"type":"CIMLayerElevationSurface","mapElevationID":"{C079ABAB-DB60-49FC-AF92-D04E98D6DBB8}"},"expanded":true,"layerType":"Operational","showLegends":true,"visibility":true,"displayCacheType":"Permanent","maxDisplayCacheAge":5,"showPopups":true,"serviceLayerID":-1,"refreshRate":-1,"refreshRateUnit":"esriTimeUnitsSeconds","blendingMode":"Alpha","dataConnection":{"type":"CIMStandardDataConnection","workspaceConnectionString":"DATABASE=..\\..\\..\\..\\OneDrive\\Documents\\PythonForGIS\\final\\Results","workspaceFactory":"Raster","dataset":"Reclass_PRISM_t1.tif","datasetType":"esriDTRasterDataset"},"colorizer":{"type":"CIMRasterUniqueValueColorizer","resamplingType":"NearestNeighbor","fieldName":"Value","groups":[{"type":"CIMRasterUniqueValueGroup","classes":[{"type":"CIMRasterUniqueValueClass","values":["0"],"label":"0","color":{"type":"CIMRGBColor","values":[58,131,116,100]}},{"type":"CIMRasterUniqueValueClass","values":["1"],"label":"1","color":{"type":"CIMRGBColor","values":[222,88,240,100]}}],"heading":"Value"}],"colorRamp":{"type":"CIMRandomHSVColorRamp","colorSpace":{"type":"CIMICCColorSpace","url":"Default RGB"},"maxH":360,"minS":33,"maxS":66,"minV":50,"maxV":99,"minAlpha":100,"maxAlpha":100}},"attributeTable":{"type":"CIMRasterTable","displayField":"Value","editable":true}}]}</LayerFile></DataProperties></Esri></metadata>
