<?xml version="1.0" encoding="UTF-8"?>
<metadata xml:lang="en"><Esri><CreaDate>20210531</CreaDate><CreaTime>12064800</CreaTime><ArcGISFormat>1.0</ArcGISFormat><SyncOnce>TRUE</SyncOnce><DataProperties><lineage><Process ToolSource="c:\program files\arcgis\pro\Resources\ArcToolbox\toolboxes\Spatial Analyst Tools.tbx\Reclassify" Date="20210531" Time="120648">Reclassify C:\Users\Rkear\OneDrive\Documents\PythonForGIS\final\Results\SoilGrid_10.tif VALUE "0 5.499999 0;5.500000 6.800000 1;6.800001 7.200000 0" C:\Users\Rkear\OneDrive\Documents\PythonForGIS\final\Results\Reclass_SoilGri1.tif DATA</Process></lineage><LayerFile>{"type":"CIMLayerDocument","version":"2.7.0","build":26828,"layers":["CIMPATH=map1/reclass_soilgri1_tif.xml"],"layerDefinitions":[{"type":"CIMRasterLayer","name":"Reclass_SoilGri1.tif","uRI":"CIMPATH=map1/reclass_soilgri1_tif.xml","sourceModifiedTime":{"type":"TimeInstant"},"useSourceMetadata":true,"description":"Reclass_SoilGri1.tif","layerElevation":{"type":"CIMLayerElevationSurface","mapElevationID":"{C079ABAB-DB60-49FC-AF92-D04E98D6DBB8}"},"expanded":true,"layerType":"Operational","showLegends":true,"visibility":true,"displayCacheType":"Permanent","maxDisplayCacheAge":5,"showPopups":true,"serviceLayerID":-1,"refreshRate":-1,"refreshRateUnit":"esriTimeUnitsSeconds","blendingMode":"Alpha","dataConnection":{"type":"CIMStandardDataConnection","workspaceConnectionString":"DATABASE=..\\..\\..\\..\\OneDrive\\Documents\\PythonForGIS\\final\\Results","workspaceFactory":"Raster","dataset":"Reclass_SoilGri1.tif","datasetType":"esriDTRasterDataset"},"colorizer":{"type":"CIMRasterUniqueValueColorizer","resamplingType":"NearestNeighbor","fieldName":"Value","groups":[{"type":"CIMRasterUniqueValueGroup","classes":[{"type":"CIMRasterUniqueValueClass","values":["0"],"label":"0","color":{"type":"CIMRGBColor","values":[226,133,130,100]}},{"type":"CIMRasterUniqueValueClass","values":["1"],"label":"1","color":{"type":"CIMRGBColor","values":[127,252,87,100]}},{"type":"CIMRasterUniqueValueClass","values":["6"],"label":"6","color":{"type":"CIMRGBColor","values":[101,78,214,100]}}],"heading":"Value"}],"colorRamp":{"type":"CIMRandomHSVColorRamp","colorSpace":{"type":"CIMICCColorSpace","url":"Default RGB"},"maxH":360,"minS":33,"maxS":66,"minV":50,"maxV":99,"minAlpha":100,"maxAlpha":100}},"attributeTable":{"type":"CIMRasterTable","displayField":"Value","editable":true}}]}</LayerFile></DataProperties></Esri></metadata>
