<PAMDataset>
  <Metadata>
    <MDI key="DataType">Generic</MDI>
  </Metadata>
  <PAMRasterBand band="1">
    <Description>Band_1</Description>
    <Histograms>
      <HistItem>
        <HistMin>0</HistMin>
        <HistMax>7.199999809265137</HistMax>
        <BucketCount>256</BucketCount>
        <IncludeOutOfRange>1</IncludeOutOfRange>
        <Approximate>0</Approximate>
        <HistCounts>151677|0|0|0|0|0|0|0|0|0|0|0|0|0|0|0|0|0|0|0|0|0|0|0|0|0|0|0|0|0|0|0|0|0|0|0|0|0|0|0|0|0|0|0|0|0|0|0|0|0|0|0|0|0|0|0|0|0|0|0|0|0|0|0|0|0|0|0|0|0|0|0|0|0|0|0|0|0|0|0|0|0|0|0|0|0|0|0|0|0|0|0|0|0|0|0|0|0|0|0|0|0|0|0|0|0|0|0|0|0|0|0|0|0|0|0|0|0|0|0|0|0|0|0|0|0|0|0|0|0|0|4|0|0|0|0|0|0|14|0|0|0|345|0|0|2018|0|0|0|5837|0|0|11233|0|0|0|15324|0|0|0|18523|0|0|23078|0|0|0|26208|0|0|26643|0|0|0|27439|0|0|29875|0|0|0|32351|0|0|35375|0|0|0|35213|0|0|0|37227|0|0|42030|0|0|0|47774|0|0|41957|0|0|0|39143|0|0|37856|0|0|0|36667|0|0|32669|0|0|0|18920|0|0|0|5918|0|0|1454|0|0|0|305|0|0|77|0|0|0|34|0|0|7|0|0|0|19|0|0|6|0|0|0|4|0|0|1</HistCounts>
      </HistItem>
    </Histograms>
    <Metadata>
      <MDI key="BandName">Band_1</MDI>
      <MDI key="RepresentationType">ATHEMATIC</MDI>
      <MDI key="STATISTICS_EXCLUDEDVALUES"></MDI>
      <MDI key="STATISTICS_MAXIMUM">7.1999998092651</MDI>
      <MDI key="STATISTICS_MEAN">4.3223187414625</MDI>
      <MDI key="STATISTICS_MINIMUM">0</MDI>
      <MDI key="STATISTICS_SKIPFACTORX">1</MDI>
      <MDI key="STATISTICS_SKIPFACTORY">1</MDI>
      <MDI key="STATISTICS_STDDEV">2.1715120822713</MDI>
    </Metadata>
  </PAMRasterBand>
</PAMDataset>
